{
	"info": {
		"_postman_id": "7af9ea3d-54d5-4474-898d-d9b69fd4c691",
		"name": "localhost:3000",
		"schema": "https://schema.getpostman.com/json/collection/v2.1.0/collection.json",
		"_exporter_id": "47293712"
	},
	"item": [
		{
			"name": "/facturas",
			"protocolProfileBehavior": {
				"disableBodyPruning": true
			},
			"request": {
				"method": "GET",
				"header": [],
				"body": {
					"mode": "raw",
					"raw": "{\r\n    \"nombre\": \"Carlos López\",\r\n    \"email\": \"carlos@gmail.com\",\r\n    \"telefono\": \"3119998877\"\r\n}\r\n",
					"options": {
						"raw": {
							"language": "json"
						}
					}
				},
				"url": {
					"raw": "http://localhost:3000/facturas",
					"protocol": "http",
					"host": [
						"localhost"
					],
					"port": "3000",
					"path": [
						"facturas"
					]
				}
			},
			"response": []
		},
		{
			"name": "/cliente",
			"request": {
				"method": "POST",
				"header": [],
				"body": {
					"mode": "raw",
					"raw": "{\r\n    \"nombre\": \"Carlos López\",\r\n    \"email\": \"carlos@gmail.com\",\r\n    \"telefono\": \"3119998877\"\r\n}\r\n",
					"options": {
						"raw": {
							"language": "json"
						}
					}
				},
				"url": {
					"raw": "http://localhost:3000/cliente",
					"protocol": "http",
					"host": [
						"localhost"
					],
					"port": "3000",
					"path": [
						"cliente"
					]
				}
			},
			"response": []
		},
		{
			"name": "/cliente",
			"protocolProfileBehavior": {
				"disableBodyPruning": true
			},
			"request": {
				"method": "GET",
				"header": [],
				"body": {
					"mode": "raw",
					"raw": "",
					"options": {
						"raw": {
							"language": "json"
						}
					}
				},
				"url": {
					"raw": "http://localhost:3000/cliente",
					"protocol": "http",
					"host": [
						"localhost"
					],
					"port": "3000",
					"path": [
						"cliente"
					]
				}
			},
			"response": []
		}
	]
}